{"rmse": 45.62141904629527, "mae": 33.99458257145352}