{"rmse": 44.62141904629527, "mae": 32.99458257145352}