{"rmse": 44.72141904629527, "mae": 33.99458257145352}